,item_id,name,score
2505,10001357,RAM Laptop Hynix 8GB DDR4 2400MHz SODIMM - Hàng Nhập Khẩu,0.5111997127532959
2662,10001334,RAM Laptop Hynix 8GB DDR4 2133MHz SODIMM - Hàng Nhập Khẩu,0.5046449899673462
2473,10001377,RAM Laptop Hynix 8GB DDR4 2666MHz SODIMM - Hàng Nhập Khẩu,0.4812052547931671
2444,10001388,RAM Laptop Hynix 8GB DDR3L Bus 1600MHz - Hàng Nhập Khẩu,0.435757040977478
2293,10001386,RAM Laptop Hynix 4GB DDR3L Bus 1600 - Hàng Nhập Khẩu,0.42534178495407104
